{"cameraMode":{"drawMode":0,"name":"Shaded","section":"Shading Mode"},"sceneLighting":false,"audioPlay":false,"sceneViewState":{"m_AlwaysRefresh":false,"showFog":true,"showSkybox":false,"showFlares":true,"showImageEffects":true,"showParticleSystems":true,"showVisualEffectGraphs":true,"m_FxEnabled":true},"in2DMode":false,"pivot":{"x":-0.00038120150566101074,"y":0.5721811056137085,"z":0.008752614259719849},"rotation":{"x":0.1776028424501419,"y":0.6025450229644775,"z":-0.1398109793663025,"w":0.7654123306274414},"size":0.9027072787284851,"orthographic":false}