{"cameraMode":{"drawMode":0,"name":"Shaded","section":"Shading Mode"},"sceneLighting":false,"audioPlay":false,"sceneViewState":{"m_AlwaysRefresh":false,"showFog":true,"showSkybox":false,"showFlares":true,"showImageEffects":true,"showParticleSystems":true,"showVisualEffectGraphs":true,"m_FxEnabled":true},"in2DMode":false,"pivot":{"x":0.00016883015632629395,"y":0.7422040700912476,"z":-0.04852434992790222},"rotation":{"x":-0.2878902852535248,"y":0.6116473078727722,"z":-0.25464627146720889,"w":-0.6915056705474854},"size":1.0793546438217164,"orthographic":false}